[
    {
        "pk": 1, 
        "model": "meetup.talk", 
        "fields": {
            "status": "active", 
            "video": "", 
            "name": "Журнальная вёрстка. Делаем “красиво” с Django", 
            "video_data": "gAJVAC4=", 
            "event": 1, 
            "speaker": 1, 
            "status_changed": "2012-07-07T12:32:26.665Z", 
            "presentation": "https://speakerdeck.com/u/moscowdjango/p/django", 
            "slug": "journal-markup-making-django-sexy", 
            "presentation_data": "gAJ9cQEoWAwAAABwcm92aWRlcl91cmxxAlgZAAAAaHR0cDovL3d3dy5zbGlkZXNoYXJlLm5ldHEDWAsAAABkZXNjcmlwdGlvbnEEWH8AAADQltGD0YDQvdCw0LvRjNC90LDRjyDQstGR0YDRgdGC0LrQsCDQlNC10LvQsNC10LwgItC60YDQsNGB0LjQstC+IiDRgSBEamFuZ28g0JDQu9C10LrRgdC10Lkg0JTRg9Cx0LrQvtCyIGFsZXhAZXZpZC5ydSBNb3Njb3dEamFucQVVDG9yaWdpbmFsX3VybHEGWDYAAABodHRwOi8vd3d3LnNsaWRlc2hhcmUubmV0L01vc2Nvd0RqYW5nby9kamFuZ28tMTE4MzY4NjJxB1gFAAAAdGl0bGVxCFgtAAAA0JbRg9GA0L3QsNC70YzQvdCw0Y8g0LLRkdGA0YHRgtC60LAg0LIgRGphbmdvcQlYCwAAAGF1dGhvcl9uYW1lcQpYDAAAAE1vc2Nvd0RqYW5nb3ELWAYAAABoZWlnaHRxDE1jAVgFAAAAd2lkdGhxDU2pAVgEAAAAaHRtbHEOWLgAAAA8aWZyYW1lIHNyYz0iaHR0cDovL3d3dy5zbGlkZXNoYXJlLm5ldC9zbGlkZXNob3cvZW1iZWRfY29kZS8xMTgzNjg2MiIgd2lkdGg9IjQyNSIgaGVpZ2h0PSIzNTUiIGZyYW1lYm9yZGVyPSIwIiBtYXJnaW53aWR0aD0iMCIgbWFyZ2luaGVpZ2h0PSIwIiBzY3JvbGxpbmc9Im5vIiBhbGxvd2Z1bGxzY3JlZW4+PC9pZnJhbWU+cQ9YDwAAAHRodW1ibmFpbF93aWR0aHEQS3hYBwAAAHZlcnNpb25xEVgDAAAAMS4wcRJYDQAAAHByb3ZpZGVyX25hbWVxE1gKAAAAU2xpZGVTaGFyZXEUWA0AAAB0aHVtYm5haWxfdXJscRVYWwAAAGh0dHA6Ly9jZG4uc2xpZGVzaGFyZWNkbi5jb20vZGphbmdvLW1hZy1sYXlvdXQtMTIwMzAyMTMyMTUxLXBocGFwcDAxLXRodW1ibmFpbC0yPzEzMzA3MTY4NTRxFlgEAAAAdHlwZXEXWAQAAAByaWNocRhYEAAAAHRodW1ibmFpbF9oZWlnaHRxGUtaWAoAAABhdXRob3JfdXJscRpYJgAAAGh0dHA6Ly93d3cuc2xpZGVzaGFyZS5uZXQvTW9zY293RGphbmdvcRt1Lg==", 
            "description": "Доклад посвящён проблеме всех WYSIWYG’ов, а именно, их примитивности в форматировании наполнения сайтов. Алексей предложил вариант построения админки проекта, которая по задумке автора позволяет получить на сайте вёрстку контента как в журнале, то есть красивую и сложную."
        }
    }, 
    {
        "pk": 2, 
        "model": "meetup.talk", 
        "fields": {
            "status": "active", 
            "video": "", 
            "name": "Сила ваших кончиков пальцев", 
            "video_data": "gAJVAC4=", 
            "event": 1, 
            "speaker": 2, 
            "status_changed": "2012-07-07T12:32:26.665Z", 
            "presentation": "http://voldmar.ru/talks/power-of-your-fingertips/", 
            "slug": "power-of-your-fingertips", 
            "presentation_data": "gAJ9cQEoWAwAAABwcm92aWRlcl91cmxxAlgRAAAAaHR0cDovL3ZvbGRtYXIucnVxA1gLAAAAZGVzY3JpcHRpb25xBFhnAAAA0J4g0YfRkdC8INGA0LDRgdGB0LrQsNC3IHNoLCBiYXNoLCB6c2gg0KDQtdCz0YPQu9GP0YDQvdGL0LUg0LLRi9GA0LDQttC10L3QuNGPIHNlZCwgYXdrLCBmaW5kLCBncmVwIGV0Y3EFVQxvcmlnaW5hbF91cmxxBlgxAAAAaHR0cDovL3ZvbGRtYXIucnUvdGFsa3MvcG93ZXItb2YteW91ci1maW5nZXJ0aXBzL3EHWAMAAAB1cmxxCFgxAAAAaHR0cDovL3ZvbGRtYXIucnUvdGFsa3MvcG93ZXItb2YteW91ci1maW5nZXJ0aXBzL3EJWAUAAAB0aXRsZXEKWDMAAADQodC40LvQsCDQstCw0YjQuNGFINC60L7QvdGH0LjQutC+0LIg0L/QsNC70YzRhtC10LJxC1gHAAAAdmVyc2lvbnEMWAMAAAAxLjBxDVgNAAAAcHJvdmlkZXJfbmFtZXEOWAcAAABWb2xkbWFycQ9YBAAAAHR5cGVxEFgEAAAAbGlua3ERdS4=", 
            "description": "О важности использования консоли и использовании нескольких командных оболочек, таких как: sh, bash, zsh. Всё началось с описания привычных даже не юниксоидам команд и их ключей, а закончилось введением в sed, awk. Далее были представлены алиасы, сокращения и трюки для часто используемых паттернов. Обязательно взгляните на презентацию, можете найти для себя много полезного."
        }
    }, 
    {
        "pk": 3, 
        "model": "meetup.talk", 
        "fields": {
            "status": "active", 
            "video": "", 
            "name": "Django South: миграция баз данных", 
            "video_data": "gAJVAC4=", 
            "event": 1, 
            "speaker": 3, 
            "status_changed": "2012-07-07T12:32:26.665Z", 
            "presentation": "https://speakerdeck.com/u/moscowdjango/p/django-south", 
            "slug": "django-south-database-migrations", 
            "presentation_data": "gAJ9cQEoWAwAAABwcm92aWRlcl91cmxxAlgZAAAAaHR0cDovL3d3dy5zbGlkZXNoYXJlLm5ldHEDWAsAAABkZXNjcmlwdGlvbnEEWFsAAABEamFuZ28gU291dGgg0JzQuNCz0YDQsNGG0LjRjyDQsdCw0Lcg0LTQsNC90L3Ri9GFINCd0LjQutC+0LvQsNC5INCl0L7QtNC+0LIgW2VtYWlsX2FkZHJlc3NdcQVVDG9yaWdpbmFsX3VybHEGWDMAAABodHRwOi8vd3d3LnNsaWRlc2hhcmUubmV0L01vc2Nvd0RqYW5nby9kamFuZ28tc291dGhxB1gFAAAAdGl0bGVxCFgzAAAARGphbmdvIFNvdXRoLiDQnNC40LPRgNCw0YbQuNGPINCx0LDQtyDQtNCw0L3QvdGL0YUucQlYCwAAAGF1dGhvcl9uYW1lcQpYDAAAAE1vc2Nvd0RqYW5nb3ELWAYAAABoZWlnaHRxDE1jAVgFAAAAd2lkdGhxDU2pAVgEAAAAaHRtbHEOWLgAAAA8aWZyYW1lIHNyYz0iaHR0cDovL3d3dy5zbGlkZXNoYXJlLm5ldC9zbGlkZXNob3cvZW1iZWRfY29kZS8xMTgzNjkzOCIgd2lkdGg9IjQyNSIgaGVpZ2h0PSIzNTUiIGZyYW1lYm9yZGVyPSIwIiBtYXJnaW53aWR0aD0iMCIgbWFyZ2luaGVpZ2h0PSIwIiBzY3JvbGxpbmc9Im5vIiBhbGxvd2Z1bGxzY3JlZW4+PC9pZnJhbWU+cQ9YDwAAAHRodW1ibmFpbF93aWR0aHEQS3hYBwAAAHZlcnNpb25xEVgDAAAAMS4wcRJYDQAAAHByb3ZpZGVyX25hbWVxE1gKAAAAU2xpZGVTaGFyZXEUWA0AAAB0aHVtYm5haWxfdXJscRVYTwAAAGh0dHA6Ly9jZG4uc2xpZGVzaGFyZWNkbi5jb20vc291dGgtMTIwMzAyMTMyODUxLXBocGFwcDAyLXRodW1ibmFpbC0yPzEzMzA3MTY3MjRxFlgEAAAAdHlwZXEXWAQAAAByaWNocRhYEAAAAHRodW1ibmFpbF9oZWlnaHRxGUtaWAoAAABhdXRob3JfdXJscRpYJgAAAGh0dHA6Ly93d3cuc2xpZGVzaGFyZS5uZXQvTW9zY293RGphbmdvcRt1Lg==", 
            "description": "На комплексном примере показывается, как производить миграции структуры БД и миграции данных. Неплохое введение для новичков, чтобы начать погружение в тему миграций, которую Django пока что обходит стороной."
        }
    }, 
    {
        "pk": 4, 
        "model": "meetup.talk", 
        "fields": {
            "status": "active", 
            "video": "", 
            "name": "Шаблоны проектов на основе PasteScript и Django 1.4", 
            "video_data": "gAJVAC4=", 
            "event": 2, 
            "speaker": 4, 
            "status_changed": "2012-07-07T12:32:26.665Z", 
            "presentation": "http://digitaldemiurge.ru/slides/templates/", 
            "slug": "project-templates-pastescript-django-14", 
            "presentation_data": "gAJ9cQEoWAwAAABwcm92aWRlcl91cmxxAlgZAAAAaHR0cDovL2RpZ2l0YWxkZW1pdXJnZS5ydXEDWAsAAABkZXNjcmlwdGlvbnEEWLUBAAAxIGZyb20gc2V0dXB0b29scyBpbXBvcnQgc2V0dXAgLCBmaW5kX3BhY2thZ2VzIDIgMyBzZXR1cCAoIDQgbmFtZSA9ICdwYXN0ZXItdGVtcGxhdGVzJyAsIDUgdmVyc2lvbiA9ICIwLjEiICwgNiBwYWNrYWdlcyA9IGZpbmRfcGFja2FnZXMgKCksIDcgaW5zdGFsbF9yZXF1aXJlcyA9IFsgOCAnc2V0dXB0b29scycgLCA5ICdQYXN0ZVNjcmlwdCcgLCAxMCAnQ2hlZXRhaCcgLCAxMSBdLCAxMiBpbmNsdWRlX3BhY2thZ2VfZGF0YSA9IFRydWUgLCAxMyB6aXBfc2FmZSA9IEZhbHNlICwgMTQgZW50cnlfcG9pbnRzID0gIiIiIDE1IFtwYXN0ZS5wYXN0ZXJfY3JlYXRlX3RlbXBsYXRlXSAxNiBzaW1wbGU9dGVtcGxhdGVzLnBhc3RlcnRlbXBsYXRlczpTaW1wbGVUZW1wbGF0ZSAxNyBhcHA9dGVtcGxhdGVzLnBhc3RlcnRlbXBsYXRlczpBcHBUZW1wbGF0ZSAxOCAiIiIgMTkgKXEFVQxvcmlnaW5hbF91cmxxBlgrAAAAaHR0cDovL2RpZ2l0YWxkZW1pdXJnZS5ydS9zbGlkZXMvdGVtcGxhdGVzL3EHWAMAAAB1cmxxCFgrAAAAaHR0cDovL2RpZ2l0YWxkZW1pdXJnZS5ydS9zbGlkZXMvdGVtcGxhdGVzL3EJWAUAAAB0aXRsZXEKWEsAAADQqNCw0LHQu9C+0L3RiyDQv9GA0L7QtdC60YLQvtCyINC90LAg0L7RgdC90L7QstC1IFBhc3RlU2NyaXB0INC4IERqYW5nbyAxLjRxC1gPAAAAdGh1bWJuYWlsX3dpZHRocQxNYQJYDQAAAHRodW1ibmFpbF91cmxxDVg+AAAAaHR0cDovL2RpZ2l0YWxkZW1pdXJnZS5ydS9zbGlkZXMvdGVtcGxhdGVzL3NvdXJjZXMvc3RhcnRlZC5qcGdxDlgHAAAAdmVyc2lvbnEPWAMAAAAxLjBxEFgNAAAAcHJvdmlkZXJfbmFtZXERWA8AAABEaWdpdGFsZGVtaXVyZ2VxElgEAAAAdHlwZXETWAQAAABsaW5rcRRYEAAAAHRodW1ibmFpbF9oZWlnaHRxFUvqdS4=", 
            "description": "С увеличением количества проектов встаёт проблема автоматизации создания каркаса под новые приложения. До недавнего времени новые проекты мы создавали путем копирования заготовленного шаблонного проекта и изменения различных настроек в разных местах проекта. Решение - модуль Paste Script, с помощью которого можно создавать шаблоны-заготовки и на основе них генерировать проекты."
        }
    }, 
    {
        "pk": 5, 
        "model": "meetup.talk", 
        "fields": {
            "status": "active", 
            "video": "", 
            "name": "Что нового в Django 1.4", 
            "video_data": "gAJVAC4=", 
            "event": 2, 
            "speaker": 5, 
            "status_changed": "2012-07-07T12:32:26.665Z", 
            "presentation": "https://speakerdeck.com/u/coagulant/p/django-14", 
            "slug": "whats-new-in-django-14", 
            "presentation_data": "gAJ9cQEoWAwAAABwcm92aWRlcl91cmxxAlgYAAAAaHR0cHM6Ly9zcGVha2VyZGVjay5jb20vcQNYCwAAAGRlc2NyaXB0aW9ucQRYZwAAADEgUHJlc2VudGF0aW9uIFNoYXJlIEFub3RoZXIgQXBwIGJ5IEdpdEh1YiBPdGhlciBQcmVzZW50YXRpb25zIGluIFByb2dyYW1taW5nIEZhbnMgb2YgdGhpcyBQcmVzZW50YXRpb25xBVUMb3JpZ2luYWxfdXJscQZYLwAAAGh0dHBzOi8vc3BlYWtlcmRlY2suY29tL3UvY29hZ3VsYW50L3AvZGphbmdvLTE0cQdYBQAAAHRpdGxlcQhYIQAAANCn0YLQviDQvdC+0LLQvtCz0L4g0LIgRGphbmdvIDEuNHEJWAsAAABhdXRob3JfbmFtZXEKWA0AAABJbHlhIEJhcnlzaGV2cQtYBgAAAGhlaWdodHEMTVQCWAUAAAB3aWR0aHENTcYCWAQAAABodG1scQ5YMQEAADxpZnJhbWUgc3R5bGU9ImJvcmRlcjowOyBwYWRkaW5nOjA7IG1hcmdpbjowOyBiYWNrZ3JvdW5kOnRyYW5zcGFyZW50OyIgbW96YWxsb3dmdWxsc2NyZWVuPSJ0cnVlIiB3ZWJraXRhbGxvd2Z1bGxzY3JlZW49InRydWUiIGZyYW1lQm9yZGVyPSIwIiBhbGxvd1RyYW5zcGFyZW5jeT0idHJ1ZSIgaWQ9InByZXNlbnRhdGlvbl9mcmFtZV80ZjdlOTU4ZmU3MTFmNjAwMjIwMDI5YTAiIHNyYz0iLy9zcGVha2VyZGVjay5jb20vZW1iZWQvNGY3ZTk1OGZlNzExZjYwMDIyMDAyOWEwIiB3aWR0aD0iNzEwIiBoZWlnaHQ9IjU5NiI+PC9pZnJhbWU+cQ9YDwAAAHRodW1ibmFpbF93aWR0aHEQS9JYBwAAAHZlcnNpb25xEVgDAAAAMS4wcRJYDQAAAHByb3ZpZGVyX25hbWVxE1gMAAAAU3BlYWtlciBEZWNrcRRYDQAAAHRodW1ibmFpbF91cmxxFVhaAAAAaHR0cHM6Ly9zcGVha2VyZC5zMy5hbWF6b25hd3MuY29tL3ByZXNlbnRhdGlvbnMvNGY3ZTk1OGZlNzExZjYwMDIyMDAyOWEwL3RodW1iX3NsaWRlXzAuanBncRZYBAAAAHR5cGVxF1gEAAAAcmljaHEYWBAAAAB0aHVtYm5haWxfaGVpZ2h0cRlLnVgKAAAAYXV0aG9yX3VybHEaWCMAAABodHRwczovL3NwZWFrZXJkZWNrLmNvbS91L2NvYWd1bGFudHEbdS4=", 
            "description": "Галопом по Европам об основных фичах релиза Django 1.4"
        }
    }, 
    {
        "pk": 6, 
        "model": "meetup.talk", 
        "fields": {
            "status": "active", 
            "video": "", 
            "name": "Использование Django и SQLAlchemy", 
            "video_data": "gAJVAC4=", 
            "event": 2, 
            "speaker": 6, 
            "status_changed": "2012-07-07T12:32:26.665Z", 
            "presentation": "", 
            "slug": "using-django-and-sqlalchemy", 
            "presentation_data": "gAJVAC4=", 
            "description": ""
        }
    }, 
    {
        "pk": 7, 
        "model": "meetup.talk", 
        "fields": {
            "status": "active", 
            "video": "", 
            "name": "Простой и удобный деплоймент проекта", 
            "video_data": "gAJVAC4=", 
            "event": 2, 
            "speaker": 7, 
            "status_changed": "2012-07-07T12:32:26.665Z", 
            "presentation": "http://www.slideshare.net/MoscowDjango/deploy", 
            "slug": "simple-useful-project-deployment", 
            "presentation_data": "gAJ9cQEoWAwAAABwcm92aWRlcl91cmxxAlgZAAAAaHR0cDovL3d3dy5zbGlkZXNoYXJlLm5ldHEDWAsAAABkZXNjcmlwdGlvbnEEWFwAAADQn9Cg0J7QodCi0J7QmSDQmNCj0JTQntCR0J3Qq9CZ0JTQldCf0JvQntCZ0JzQldCd0KLQn9Cg0J7QldCa0KLQkNCc0JjQpdCQ0JjQmyDQmtCe0KDQndCV0JXQknEFVQxvcmlnaW5hbF91cmxxBlgtAAAAaHR0cDovL3d3dy5zbGlkZXNoYXJlLm5ldC9Nb3Njb3dEamFuZ28vZGVwbG95cQdYBQAAAHRpdGxlcQhYRAAAANCf0YDQvtGB0YLQvtC5INC4INGD0LTQvtCx0L3Ri9C5INC00LXQv9C70L7QudC80LXQvdGCINC/0YDQvtC10LrRgtCwcQlYCwAAAGF1dGhvcl9uYW1lcQpYDAAAAE1vc2Nvd0RqYW5nb3ELWAYAAABoZWlnaHRxDE1jAVgFAAAAd2lkdGhxDU2pAVgEAAAAaHRtbHEOWLgAAAA8aWZyYW1lIHNyYz0iaHR0cDovL3d3dy5zbGlkZXNoYXJlLm5ldC9zbGlkZXNob3cvZW1iZWRfY29kZS8xMjMxMDI0NiIgd2lkdGg9IjQyNSIgaGVpZ2h0PSIzNTUiIGZyYW1lYm9yZGVyPSIwIiBtYXJnaW53aWR0aD0iMCIgbWFyZ2luaGVpZ2h0PSIwIiBzY3JvbGxpbmc9Im5vIiBhbGxvd2Z1bGxzY3JlZW4+PC9pZnJhbWU+cQ9YDwAAAHRodW1ibmFpbF93aWR0aHEQS3hYBwAAAHZlcnNpb25xEVgDAAAAMS4wcRJYDQAAAHByb3ZpZGVyX25hbWVxE1gKAAAAU2xpZGVTaGFyZXEUWA0AAAB0aHVtYm5haWxfdXJscRVYUAAAAGh0dHA6Ly9jZG4uc2xpZGVzaGFyZWNkbi5jb20vZGVwbG95LTEyMDQwNzE1NDkwNy1waHBhcHAwMS10aHVtYm5haWwtMj8xMzMzODMxODM1cRZYBAAAAHR5cGVxF1gEAAAAcmljaHEYWBAAAAB0aHVtYm5haWxfaGVpZ2h0cRlLWlgKAAAAYXV0aG9yX3VybHEaWCYAAABodHRwOi8vd3d3LnNsaWRlc2hhcmUubmV0L01vc2Nvd0RqYW5nb3EbdS4=", 
            "description": ""
        }
    }, 
    {
        "pk": 8, 
        "model": "meetup.talk", 
        "fields": {
            "status": "active", 
            "video": "", 
            "name": "Class-based generic views в Django", 
            "video_data": "gAJVAC4=", 
            "event": 3, 
            "speaker": 8, 
            "status_changed": "2012-07-07T12:32:26.665Z", 
            "presentation": "http://www.slideshare.net/MoscowDjango/class-based-generic-views-django", 
            "slug": "class-based-generic-views-in-django", 
            "presentation_data": "gAJ9cQEoWAwAAABwcm92aWRlcl91cmxxAlgZAAAAaHR0cDovL3d3dy5zbGlkZXNoYXJlLm5ldHEDWAsAAABkZXNjcmlwdGlvbnEEWJsAAAAi0JTQttCw0L3Qs9C+INGB0LTQtdC70LDQuyDQtNC70Y8g0LPQuNGC0LDRgNGLINCx0L7Qu9GM0YjQtSwg0YfQtdC80LrRgtC+LdC70LjQsdC+INCyINC00LbQsNC30LUuINCV0LPQviDRgdGC0LjQu9GMINC40LPRgNGLINCx0YvQuyDQvdC1INC/0L7RhdC+0LYg0L3QuCDQvXEFVQxvcmlnaW5hbF91cmxxBlhHAAAAaHR0cDovL3d3dy5zbGlkZXNoYXJlLm5ldC9Nb3Njb3dEamFuZ28vY2xhc3MtYmFzZWQtZ2VuZXJpYy12aWV3cy1kamFuZ29xB1gFAAAAdGl0bGVxCFgjAAAAQ2xhc3MgQmFzZWQgR2VuZXJpYyBWaWV3cyDQsiBEamFuZ29xCVgLAAAAYXV0aG9yX25hbWVxClgMAAAATW9zY293RGphbmdvcQtYBgAAAGhlaWdodHEMTWMBWAUAAAB3aWR0aHENTakBWAQAAABodG1scQ5YuAAAADxpZnJhbWUgc3JjPSJodHRwOi8vd3d3LnNsaWRlc2hhcmUubmV0L3NsaWRlc2hvdy9lbWJlZF9jb2RlLzEyODk2OTkzIiB3aWR0aD0iNDI1IiBoZWlnaHQ9IjM1NSIgZnJhbWVib3JkZXI9IjAiIG1hcmdpbndpZHRoPSIwIiBtYXJnaW5oZWlnaHQ9IjAiIHNjcm9sbGluZz0ibm8iIGFsbG93ZnVsbHNjcmVlbj48L2lmcmFtZT5xD1gPAAAAdGh1bWJuYWlsX3dpZHRocRBLeFgHAAAAdmVyc2lvbnERWAMAAAAxLjBxElgNAAAAcHJvdmlkZXJfbmFtZXETWAoAAABTbGlkZVNoYXJlcRRYDQAAAHRodW1ibmFpbF91cmxxFVhmAAAAaHR0cDovL2Nkbi5zbGlkZXNoYXJlY2RuLmNvbS9jbGFzc2Jhc2VkZ2VuZXJpY3ZpZXdzZGphbmdvLTEyMDUxMTEyMDQzMS1waHBhcHAwMS10aHVtYm5haWwtMj8xMzM2NzU2MDI1cRZYBAAAAHR5cGVxF1gEAAAAcmljaHEYWBAAAAB0aHVtYm5haWxfaGVpZ2h0cRlLWlgKAAAAYXV0aG9yX3VybHEaWCYAAABodHRwOi8vd3d3LnNsaWRlc2hhcmUubmV0L01vc2Nvd0RqYW5nb3EbdS4=", 
            "description": "Тем кто до сих пор не пользуется вьюхами на классах, рекомендуем обратить на них внимание, порой они экономят очень много boilerplate-кода. Тем же, кто активно их применяет, неплохая ссылочка по рекомендации Александра: Classy CBV - замена официальной путаной и неудобной документации по видам на классах. Доставило обсуждение CBV vs functional views, когда уместно использовать тот или иной вариант и почему."
        }
    }, 
    {
        "pk": 9, 
        "model": "meetup.talk", 
        "fields": {
            "status": "active", 
            "video": "", 
            "name": "Разработка расширяемых приложений", 
            "video_data": "gAJVAC4=", 
            "event": 3, 
            "speaker": 9, 
            "status_changed": "2012-07-07T12:32:26.665Z", 
            "presentation": "http://www.slideshare.net/MoscowDjango/django-12897050", 
            "slug": "development-of-reusable-apps", 
            "presentation_data": "gAJ9cQEoWAwAAABwcm92aWRlcl91cmxxAlgZAAAAaHR0cDovL3d3dy5zbGlkZXNoYXJlLm5ldHEDWAsAAABkZXNjcmlwdGlvbnEEWGUAAADQoNCQ0JfQoNCQ0JHQntCi0JrQkCDQoNCQ0KHQqNCY0KDQr9CV0JzQq9ClREpBTkdPLdCf0KDQmNCb0J7QltCV0J3QmNCZ0JLQu9Cw0LTQuNC80LjRgCDQpNC40LvQvtC90L7QsnEFVQxvcmlnaW5hbF91cmxxBlg2AAAAaHR0cDovL3d3dy5zbGlkZXNoYXJlLm5ldC9Nb3Njb3dEamFuZ28vZGphbmdvLTEyODk3MDUwcQdYBQAAAHRpdGxlcQhYTAAAANCg0LDQt9GA0LDQsdC+0YLQutCwINGA0LDRgdGI0LjRgNGP0LXQvNGL0YUg0L/RgNC40LvQvtC20LXQvdC40Lkg0L3QsCBEamFuZ29xCVgLAAAAYXV0aG9yX25hbWVxClgMAAAATW9zY293RGphbmdvcQtYBgAAAGhlaWdodHEMTWMBWAUAAAB3aWR0aHENTakBWAQAAABodG1scQ5YuAAAADxpZnJhbWUgc3JjPSJodHRwOi8vd3d3LnNsaWRlc2hhcmUubmV0L3NsaWRlc2hvdy9lbWJlZF9jb2RlLzEyODk3MDUwIiB3aWR0aD0iNDI1IiBoZWlnaHQ9IjM1NSIgZnJhbWVib3JkZXI9IjAiIG1hcmdpbndpZHRoPSIwIiBtYXJnaW5oZWlnaHQ9IjAiIHNjcm9sbGluZz0ibm8iIGFsbG93ZnVsbHNjcmVlbj48L2lmcmFtZT5xD1gPAAAAdGh1bWJuYWlsX3dpZHRocRBLeFgHAAAAdmVyc2lvbnERWAMAAAAxLjBxElgNAAAAcHJvdmlkZXJfbmFtZXETWAoAAABTbGlkZVNoYXJlcRRYDQAAAHRodW1ibmFpbF91cmxxFVhQAAAAaHR0cDovL2Nkbi5zbGlkZXNoYXJlY2RuLmNvbS9kamFuZ28tMTIwNTExMTIwOTMzLXBocGFwcDAxLXRodW1ibmFpbC0yPzEzMzY3NTYyNTRxFlgEAAAAdHlwZXEXWAQAAAByaWNocRhYEAAAAHRodW1ibmFpbF9oZWlnaHRxGUtaWAoAAABhdXRob3JfdXJscRpYJgAAAGh0dHA6Ly93d3cuc2xpZGVzaGFyZS5uZXQvTW9zY293RGphbmdvcRt1Lg==", 
            "description": "На примере небольшой части интернет-магазина рассмотрели различные варианты реализации API для подключения плагинов к django-приложениям. Подробно, много кода, но всё понятно и логично выстроено. Хороший доклад, думаем, при разработке сложных систем со слабым связыванием компонентов всем придётся столкнуться с чем-либо подобным."
        }
    }, 
    {
        "pk": 10, 
        "model": "meetup.talk", 
        "fields": {
            "status": "active", 
            "video": "", 
            "name": "Работа со статикой в Django", 
            "video_data": "gAJVAC4=", 
            "event": 3, 
            "speaker": 10, 
            "status_changed": "2012-07-07T12:32:26.665Z", 
            "presentation": "https://speakerdeck.com/u/moscowdjango/p/django-1", 
            "slug": "staticfiles-django", 
            "presentation_data": "gAJ9cQEoWAwAAABwcm92aWRlcl91cmxxAlgZAAAAaHR0cDovL3d3dy5zbGlkZXNoYXJlLm5ldHEDWAsAAABkZXNjcmlwdGlvbnEEWCwAAADQoNCw0LHQvtGC0LAg0YHQviDRgdGC0LDRgtC40LrQvtC5INCyIERqYW5nb3EFVQxvcmlnaW5hbF91cmxxBlg2AAAAaHR0cDovL3d3dy5zbGlkZXNoYXJlLm5ldC9Nb3Njb3dEamFuZ28vZGphbmdvLTEyODk3MDk1cQdYBQAAAHRpdGxlcQhYLAAAANCg0LDQsdC+0YLQsCDRgdC+INGB0YLQsNGC0LjQutC+0Lkg0LIgRGphbmdvcQlYCwAAAGF1dGhvcl9uYW1lcQpYDAAAAE1vc2Nvd0RqYW5nb3ELWAYAAABoZWlnaHRxDE1jAVgFAAAAd2lkdGhxDU2pAVgEAAAAaHRtbHEOWLgAAAA8aWZyYW1lIHNyYz0iaHR0cDovL3d3dy5zbGlkZXNoYXJlLm5ldC9zbGlkZXNob3cvZW1iZWRfY29kZS8xMjg5NzA5NSIgd2lkdGg9IjQyNSIgaGVpZ2h0PSIzNTUiIGZyYW1lYm9yZGVyPSIwIiBtYXJnaW53aWR0aD0iMCIgbWFyZ2luaGVpZ2h0PSIwIiBzY3JvbGxpbmc9Im5vIiBhbGxvd2Z1bGxzY3JlZW4+PC9pZnJhbWU+cQ9YDwAAAHRodW1ibmFpbF93aWR0aHEQS3hYBwAAAHZlcnNpb25xEVgDAAAAMS4wcRJYDQAAAHByb3ZpZGVyX25hbWVxE1gKAAAAU2xpZGVTaGFyZXEUWA0AAAB0aHVtYm5haWxfdXJscRVYUAAAAGh0dHA6Ly9jZG4uc2xpZGVzaGFyZWNkbi5jb20vZGphbmdvLTEyMDUxMTEyMTIxNS1waHBhcHAwMS10aHVtYm5haWwtMj8xMzM2NzU2NDM2cRZYBAAAAHR5cGVxF1gEAAAAcmljaHEYWBAAAAB0aHVtYm5haWxfaGVpZ2h0cRlLWlgKAAAAYXV0aG9yX3VybHEaWCYAAABodHRwOi8vd3d3LnNsaWRlc2hhcmUubmV0L01vc2Nvd0RqYW5nb3EbdS4=", 
            "description": "Доклад можно было смело назвать django-gears, поскольку речь шла в основном об этой амбициозной билиотеке, которую разрабатывают ребята из Trilan. Она призвана заменить django-compressor и webassets, обладает большей частью их функциональности, к тому же хранит зависимости прямо в css/js (по аналогии с sprockets). Пока приложение ещё не в продакшене, но от этого не менее интересно."
        }
    }, 
    {
        "pk": 11, 
        "model": "meetup.talk", 
        "fields": {
            "status": "active", 
            "video": "", 
            "name": "Производительность в Django", 
            "video_data": "gAJVAC4=", 
            "event": 3, 
            "speaker": 11, 
            "status_changed": "2012-07-07T12:32:26.665Z", 
            "presentation": "http://www.slideshare.net/MoscowDjango/django-12897658", 
            "slug": "django-performance", 
            "presentation_data": "gAJ9cQEoWAwAAABwcm92aWRlcl91cmxxAlgZAAAAaHR0cDovL3d3dy5zbGlkZXNoYXJlLm5ldHEDWAsAAABkZXNjcmlwdGlvbnEEWGYAAADQl9Cw0LzQtdGC0LrQuCDQuiDQv9GA0LXQt9C10L3RgtCw0YbQuNC4OiBodHRwOi8vZGwuZHJvcGJveC5jb20vdS8yMzc2NzIwOC9kamFuZ28tcGVyZm9tYW5jZS1ub3Rlcy5wZGZxBVUMb3JpZ2luYWxfdXJscQZYNgAAAGh0dHA6Ly93d3cuc2xpZGVzaGFyZS5uZXQvTW9zY293RGphbmdvL2RqYW5nby0xMjg5NzY1OHEHWAUAAAB0aXRsZXEIWC4AAADQn9GA0L7QuNC30LLQvtC00LjRgtC10LvRjNC90L7RgdGC0Ywg0LIgRGphbmdvcQlYCwAAAGF1dGhvcl9uYW1lcQpYDAAAAE1vc2Nvd0RqYW5nb3ELWAYAAABoZWlnaHRxDE1jAVgFAAAAd2lkdGhxDU2pAVgEAAAAaHRtbHEOWLgAAAA8aWZyYW1lIHNyYz0iaHR0cDovL3d3dy5zbGlkZXNoYXJlLm5ldC9zbGlkZXNob3cvZW1iZWRfY29kZS8xMjg5NzY1OCIgd2lkdGg9IjQyNSIgaGVpZ2h0PSIzNTUiIGZyYW1lYm9yZGVyPSIwIiBtYXJnaW53aWR0aD0iMCIgbWFyZ2luaGVpZ2h0PSIwIiBzY3JvbGxpbmc9Im5vIiBhbGxvd2Z1bGxzY3JlZW4+PC9pZnJhbWU+cQ9YDwAAAHRodW1ibmFpbF93aWR0aHEQS3hYBwAAAHZlcnNpb25xEVgDAAAAMS4wcRJYDQAAAHByb3ZpZGVyX25hbWVxE1gKAAAAU2xpZGVTaGFyZXEUWA0AAAB0aHVtYm5haWxfdXJscRVYUAAAAGh0dHA6Ly9jZG4uc2xpZGVzaGFyZWNkbi5jb20vZGphbmdvLTEyMDUxMTEzMTQzNy1waHBhcHAwMi10aHVtYm5haWwtMj8xMzM2OTkyMjQycRZYBAAAAHR5cGVxF1gEAAAAcmljaHEYWBAAAAB0aHVtYm5haWxfaGVpZ2h0cRlLWlgKAAAAYXV0aG9yX3VybHEaWCYAAABodHRwOi8vd3d3LnNsaWRlc2hhcmUubmV0L01vc2Nvd0RqYW5nb3EbdS4=", 
            "description": "По большей части речь шла об ORM. Иван объяснил, почему «db_index=True не творит чудеса», показал каким иногда непредсказуемым может быть генератор SQL, объяснил как нужно использовать «Defer()», а так же описал основные подходы к инвалидации кеша и оптимизации контекст процессоров в Django. Самое продвинутое выступление явно не для новичков, жаль, что всего лишь на 10 минут, такая тема достойна больших временных рамок. Обязательно посмотрите слайды, очень полезный и наиболее прикладной доклад."
        }
    }, 
    {
        "pk": 12, 
        "model": "meetup.talk", 
        "fields": {
            "status": "active", 
            "video": "", 
            "name": "Django на Android", 
            "video_data": "gAJVAC4=", 
            "event": 3, 
            "speaker": 12, 
            "status_changed": "2012-07-07T12:32:26.665Z", 
            "presentation": "https://speakerdeck.com/u/moscowdjango/p/django-android", 
            "slug": "django-android", 
            "presentation_data": "gAJ9cQEoWAwAAABwcm92aWRlcl91cmxxAlgZAAAAaHR0cDovL3d3dy5zbGlkZXNoYXJlLm5ldHEDWAsAAABkZXNjcmlwdGlvbnEEWGwAAADQlNC70Y8g0L/RgNC+0YHQvNC+0YLRgNCwINC/0YDQtdC30LXQvdGC0LDRhtC40Lgg0LvRg9GH0YjQtSDQt9Cw0LPRgNGD0LfQuNGC0Ywg0LXRkSDQutC90L7Qv9C60L7QuSBkb3dubG9hZC5xBVUMb3JpZ2luYWxfdXJscQZYNQAAAGh0dHA6Ly93d3cuc2xpZGVzaGFyZS5uZXQvTW9zY293RGphbmdvL2RqYW5nby1hbmRyb2lkcQdYBQAAAHRpdGxlcQhYEwAAAERqYW5nbyDQvdCwIEFuZHJvaWRxCVgLAAAAYXV0aG9yX25hbWVxClgMAAAATW9zY293RGphbmdvcQtYBgAAAGhlaWdodHEMTWMBWAUAAAB3aWR0aHENTakBWAQAAABodG1scQ5YuAAAADxpZnJhbWUgc3JjPSJodHRwOi8vd3d3LnNsaWRlc2hhcmUubmV0L3NsaWRlc2hvdy9lbWJlZF9jb2RlLzEyODk3MTU2IiB3aWR0aD0iNDI1IiBoZWlnaHQ9IjM1NSIgZnJhbWVib3JkZXI9IjAiIG1hcmdpbndpZHRoPSIwIiBtYXJnaW5oZWlnaHQ9IjAiIHNjcm9sbGluZz0ibm8iIGFsbG93ZnVsbHNjcmVlbj48L2lmcmFtZT5xD1gPAAAAdGh1bWJuYWlsX3dpZHRocRBLeFgHAAAAdmVyc2lvbnERWAMAAAAxLjBxElgNAAAAcHJvdmlkZXJfbmFtZXETWAoAAABTbGlkZVNoYXJlcRRYDQAAAHRodW1ibmFpbF91cmxxFVhXAAAAaHR0cDovL2Nkbi5zbGlkZXNoYXJlY2RuLmNvbS9kamFuZ29hbmRyb2lkLTEyMDUxMTEyMTc0MS1waHBhcHAwMS10aHVtYm5haWwtMj8xMzM2ODIzMDI1cRZYBAAAAHR5cGVxF1gEAAAAcmljaHEYWBAAAAB0aHVtYm5haWxfaGVpZ2h0cRlLWlgKAAAAYXV0aG9yX3VybHEaWCYAAABodHRwOi8vd3d3LnNsaWRlc2hhcmUubmV0L01vc2Nvd0RqYW5nb3EbdS4=", 
            "description": "Докладчик наглядно показал, что Django это не только про Web и что его можно запускать в том числе на мобильных устройствах. Александр продемонстрировал нам это на примере мобильного телефона на базе Android."
        }
    }, 
    {
        "pk": 13, 
        "model": "meetup.talk", 
        "fields": {
            "status": "active", 
            "video": "", 
            "name": "Обработка HTTP запросов на Python", 
            "video_data": "gAJVAC4=", 
            "event": 4, 
            "speaker": 6, 
            "status_changed": "2012-07-07T12:32:26.665Z", 
            "presentation": "", 
            "slug": "http-python", 
            "presentation_data": "gAJVAC4=", 
            "description": "Как надо реализовывать обработку HTTP запросов на Python'е, почему большинство фреймворков делают это неправильно и как, я считаю, это нужно делать правильно"
        }
    }, 
    {
        "pk": 14, 
        "model": "meetup.talk", 
        "fields": {
            "status": "active", 
            "video": "", 
            "name": "Django и Continuous Integration", 
            "video_data": "gAJVAC4=", 
            "event": 4, 
            "speaker": 5, 
            "status_changed": "2012-07-07T12:32:26.665Z", 
            "presentation": "", 
            "slug": "django-ci", 
            "presentation_data": "gAJVAC4=", 
            "description": "Как быстро и просто внедрить проект на Django непрерывную интеграцию."
        }
    }, 
    {
        "pk": 15, 
        "model": "meetup.talk", 
        "fields": {
            "status": "active", 
            "video": "", 
            "name": "Настройка Django-проекта с нуля при использовании PyCharm IDE", 
            "video_data": "gAJVAC4=", 
            "event": 4, 
            "speaker": 13, 
            "status_changed": "2012-07-07T12:32:26.665Z", 
            "presentation": "", 
            "slug": "django-pycharm", 
            "presentation_data": "gAJVAC4=", 
            "description": "Настройка PyCharm для джанги:  пеп8 пайфлейкс пайлинты, гит, тесты."
        }
    }, 
    {
        "pk": 4, 
        "model": "meetup.event", 
        "fields": {
            "status": "draft", 
            "description": "Тут будет описание", 
            "image": "", 
            "number": 4, 
            "longitude": "37.580193", 
            "sponsors": [
                1, 
                2, 
                3
            ], 
            "latitude": "55.75824", 
            "address": "Малый Конюшковский переулок, дом 2", 
            "date": "2012-07-10T00:00:00Z", 
            "status_changed": "2012-07-07T12:32:26.665Z", 
            "name": "Moscow Django Meetup"
        }
    }, 
    {
        "pk": 3, 
        "model": "meetup.event", 
        "fields": {
            "status": "archived", 
            "description": "В программе были заявлены 5 докладов: 3 полноценных по 20 минут и два укороченных по 10, разделённые одним кофебрейком.\r\n\r\nОно прошло в новом и красивом месте в центре Москвы - центре дизайна MOD Design, что напротив жилого дома на Кудринской площади.\r\nПришло почти 100 человек, что является мини-рекордом для нашего коммьюнити. \r\n\r\nВ планах провести Django-спринт или Django-dash, в общем покодить совместно этим летом. Активисты и прочие желающие приглашаются в группу на фейсбуке, там сейчас идёт активное обсуждение.", 
            "image": "", 
            "number": 3, 
            "longitude": "37.580193", 
            "sponsors": [
                1, 
                2
            ], 
            "latitude": "55.75824", 
            "address": "Малый Конюшковский переулок, дом 2", 
            "date": "2012-05-10T15:00:00Z", 
            "status_changed": "2012-07-07T13:29:46.558Z", 
            "name": "Moscow Django Meetup"
        }
    }, 
    {
        "pk": 2, 
        "model": "meetup.event", 
        "fields": {
            "status": "archived", 
            "description": "Первая встреча показала, что идея собираться раз в месяц была тепло принята московским Django-сообществом.\r\n\r\nПосле докладов у нас останется время на свободное общение о всех проблемах, которые волнуют начинающих и опытных разработчиков (поэтому вопросы также имеет смысл готовить заранее).", 
            "image": "", 
            "number": 2, 
            "longitude": "37.477067", 
            "sponsors": [
                1, 
                2
            ], 
            "latitude": "55.667198", 
            "address": "Проспект Вернадского, дом 82, корпус 1, аудитория 222", 
            "date": "2012-04-05T15:00:00Z", 
            "status_changed": "2012-05-31T13:57:17.155Z", 
            "name": "Moscow Django Meetup"
        }
    }, 
    {
        "pk": 1, 
        "model": "meetup.event", 
        "fields": {
            "status": "archived", 
            "description": "1 марта в 19:00 в Москве прошла неформальная встреча Django-разработчиков.\r\n\r\nМы решили, что тем, кто работает на Django и ещё осваивает этот замечательный фреймворк для Python, пришло время встретиться, пообщаться и поделиться своими знаниями, методиками, инструментарием.\r\n\r\nВ аудитории будет вай-фай и проектор, так что докладчики могут подготовить презентации и практические кейсы.", 
            "image": "", 
            "number": 1, 
            "longitude": "37.64808", 
            "sponsors": [
                1, 
                2
            ], 
            "latitude": "55.753336", 
            "address": "Покровский бульвар., 11, (НИУ Высшая Школа Экономики, ауд. Г-114)", 
            "date": "2012-03-01T15:00:00Z", 
            "status_changed": "2012-05-31T13:57:17.159Z", 
            "name": "Moscow Django Meetup"
        }
    }, 
    {
        "pk": 1, 
        "model": "meetup.speaker", 
        "fields": {
            "photo": "", 
            "name": "Алексей Дубков", 
            "company_name": ""
        }
    }, 
    {
        "pk": 2, 
        "model": "meetup.speaker", 
        "fields": {
            "photo": "", 
            "name": "Владимир Епифанов", 
            "company_name": "Островок"
        }
    }, 
    {
        "pk": 3, 
        "model": "meetup.speaker", 
        "fields": {
            "photo": "", 
            "name": "Николай Ходов", 
            "company_name": ""
        }
    }, 
    {
        "pk": 4, 
        "model": "meetup.speaker", 
        "fields": {
            "photo": "", 
            "name": "Виталий Коробкин", 
            "company_name": "SevenQuark"
        }
    }, 
    {
        "pk": 5, 
        "model": "meetup.speaker", 
        "fields": {
            "photo": "", 
            "name": "Илья Барышев", 
            "company_name": "Future Colors"
        }
    }, 
    {
        "pk": 6, 
        "model": "meetup.speaker", 
        "fields": {
            "photo": "", 
            "name": "Андрей Попп", 
            "company_name": ""
        }
    }, 
    {
        "pk": 7, 
        "model": "meetup.speaker", 
        "fields": {
            "photo": "", 
            "name": "Михаил Корнеев", 
            "company_name": "Greenfield Project"
        }
    }, 
    {
        "pk": 8, 
        "model": "meetup.speaker", 
        "fields": {
            "photo": "", 
            "name": "Александр Емелин", 
            "company_name": "Mail.ru Group"
        }
    }, 
    {
        "pk": 9, 
        "model": "meetup.speaker", 
        "fields": {
            "photo": "", 
            "name": "Владимир Филонов", 
            "company_name": "WebCanFly"
        }
    }, 
    {
        "pk": 10, 
        "model": "meetup.speaker", 
        "fields": {
            "photo": "", 
            "name": "Михаил Юматов", 
            "company_name": "Trilan"
        }
    }, 
    {
        "pk": 11, 
        "model": "meetup.speaker", 
        "fields": {
            "photo": "", 
            "name": "Иван Вирабян", 
            "company_name": "Kanobu.ru"
        }
    }, 
    {
        "pk": 12, 
        "model": "meetup.speaker", 
        "fields": {
            "photo": "", 
            "name": "Александр Шлемин", 
            "company_name": ""
        }
    }, 
    {
        "pk": 13, 
        "model": "meetup.speaker", 
        "fields": {
            "photo": "", 
            "name": "Вадим Шандринов", 
            "company_name": ""
        }
    }, 
    {
        "pk": 1, 
        "model": "meetup.photo", 
        "fields": {
            "url": "http://a2.sphotos.ak.fbcdn.net/hphotos-ak-ash4/392539_411054432262849_646706995_n.jpg", 
            "caption": "", 
            "image": "", 
            "event": 3
        }
    }, 
    {
        "pk": 2, 
        "model": "meetup.photo", 
        "fields": {
            "url": "http://a3.sphotos.ak.fbcdn.net/hphotos-ak-ash4/319778_294979867255407_1189702514_n.jpg", 
            "caption": "", 
            "image": "", 
            "event": 3
        }
    }, 
    {
        "pk": 3, 
        "model": "meetup.photo", 
        "fields": {
            "url": "http://a5.sphotos.ak.fbcdn.net/hphotos-ak-ash4/319778_294979870588740_1197680501_n.jpg", 
            "caption": "", 
            "image": "", 
            "event": 3
        }
    }, 
    {
        "pk": 4, 
        "model": "meetup.photo", 
        "fields": {
            "url": "http://a8.sphotos.ak.fbcdn.net/hphotos-ak-ash4/319778_294979873922073_1492534080_n.jpg", 
            "caption": "", 
            "image": "", 
            "event": 3
        }
    }, 
    {
        "pk": 5, 
        "model": "meetup.photo", 
        "fields": {
            "url": "http://a2.sphotos.ak.fbcdn.net/hphotos-ak-ash4/319778_294979877255406_1703361393_n.jpg", 
            "caption": "", 
            "image": "", 
            "event": 3
        }
    }, 
    {
        "pk": 6, 
        "model": "meetup.photo", 
        "fields": {
            "url": "http://a8.sphotos.ak.fbcdn.net/hphotos-ak-ash3/528587_294980513922009_577636690_n.jpg", 
            "caption": "", 
            "image": "", 
            "event": 3
        }
    }, 
    {
        "pk": 7, 
        "model": "meetup.photo", 
        "fields": {
            "url": "http://a2.sphotos.ak.fbcdn.net/hphotos-ak-prn1/528587_294980517255342_1514208366_n.jpg", 
            "caption": "", 
            "image": "", 
            "event": 3
        }
    }, 
    {
        "pk": 8, 
        "model": "meetup.photo", 
        "fields": {
            "url": "http://a4.sphotos.ak.fbcdn.net/hphotos-ak-ash3/528587_294980520588675_1791730445_n.jpg", 
            "caption": "", 
            "image": "", 
            "event": 3
        }
    }, 
    {
        "pk": 9, 
        "model": "meetup.photo", 
        "fields": {
            "url": "http://a6.sphotos.ak.fbcdn.net/hphotos-ak-ash3/528587_294980523922008_1930301877_n.jpg", 
            "caption": "", 
            "image": "", 
            "event": 3
        }
    }, 
    {
        "pk": 10, 
        "model": "meetup.photo", 
        "fields": {
            "url": "http://a5.sphotos.ak.fbcdn.net/hphotos-ak-prn1/457544_294982667255127_1762933596_o.jpg", 
            "caption": "", 
            "image": "", 
            "event": 3
        }
    }, 
    {
        "pk": 11, 
        "model": "meetup.photo", 
        "fields": {
            "url": "http://a3.sphotos.ak.fbcdn.net/hphotos-ak-ash4/457544_294982670588460_1724054222_o.jpg", 
            "caption": "", 
            "image": "", 
            "event": 3
        }
    }, 
    {
        "pk": 12, 
        "model": "meetup.photo", 
        "fields": {
            "url": "http://a1.sphotos.ak.fbcdn.net/hphotos-ak-ash4/457544_294982673921793_10054068_o.jpg", 
            "caption": "", 
            "image": "", 
            "event": 3
        }
    }, 
    {
        "pk": 13, 
        "model": "meetup.photo", 
        "fields": {
            "url": "http://a7.sphotos.ak.fbcdn.net/hphotos-ak-snc7/457544_294982677255126_246385604_o.jpg", 
            "caption": "", 
            "image": "", 
            "event": 3
        }
    }, 
    {
        "pk": 14, 
        "model": "meetup.photo", 
        "fields": {
            "url": "http://a6.sphotos.ak.fbcdn.net/hphotos-ak-ash3/528528_294982680588459_26538910_n.jpg", 
            "caption": "", 
            "image": "", 
            "event": 3
        }
    }, 
    {
        "pk": 15, 
        "model": "meetup.photo", 
        "fields": {
            "url": "http://a4.sphotos.ak.fbcdn.net/hphotos-ak-prn1/582514_294983077255086_1110137525_n.jpg", 
            "caption": "", 
            "image": "", 
            "event": 3
        }
    }, 
    {
        "pk": 16, 
        "model": "meetup.photo", 
        "fields": {
            "url": "http://a7.sphotos.ak.fbcdn.net/hphotos-ak-prn1/582514_294983087255085_1223886328_n.jpg", 
            "caption": "", 
            "image": "", 
            "event": 3
        }
    }, 
    {
        "pk": 17, 
        "model": "meetup.photo", 
        "fields": {
            "url": "http://a8.sphotos.ak.fbcdn.net/hphotos-ak-ash3/582514_294983083921752_396304278_n.jpg", 
            "caption": "", 
            "image": "", 
            "event": 3
        }
    }, 
    {
        "pk": 18, 
        "model": "meetup.photo", 
        "fields": {
            "url": "http://a2.sphotos.ak.fbcdn.net/hphotos-ak-ash3/582514_294983080588419_972693779_n.jpg", 
            "caption": "", 
            "image": "", 
            "event": 3
        }
    }, 
    {
        "pk": 1, 
        "model": "meetup.sponsor", 
        "fields": {
            "url": "http://greenfield-project.ru/", 
            "logo": "/media/sponsors/greenfield_project.jpg", 
            "name": "Greenfield Project"
        }
    }, 
    {
        "pk": 2, 
        "model": "meetup.sponsor", 
        "fields": {
            "url": "http://sevenquark.com/", 
            "logo": "/media/sponsors/sevenquark.png", 
            "name": "SevenQuark"
        }
    }, 
    {
        "pk": 3, 
        "model": "meetup.sponsor", 
        "fields": {
            "url": "http://futurecolors.ru", 
            "logo": "/media/sponsors/futurecolors.png", 
            "name": "Future Colors"
        }
    }
]